﻿<?xml version="1.0" encoding="utf-8" standalone="no"?>
<modDesc descVersion="92">
    <author>Jan der 1.</author>
    <version>1.0.0.0</version>
    <title>
        <en>MAN TGS 18500</en>
    </title>

    <description>
<en><![CDATA[
Category: Trucks
Price: $130,000
Power: 500 hp
Max. speed: 80 kph
]]></en>
<de><![CDATA[
Shopkategorie: LKW
Preis: 130.000€
Leistung: 500 PS
Höchstgeschwindigkeit: 80 km/h
]]></de>
<fr><![CDATA[
Catégorie: Trucks
Prix: 130 000€
Puissance: 500 CV
Vitesse max.: 80 km/h
]]></fr>
    </description>

    <iconFilename>icon_tgs18500.dds</iconFilename>

    <multiplayer supported="true"/>

    <storeItems>
        <storeItem xmlFilename="tgs18500.xml"/>
    </storeItems>
</modDesc>