<?xml version="1.0" encoding="utf-8" standalone="no" ?>
<sounds xmlns:xsi="http://www.w3.org/2001/XMLSchema-instance" xsi:noNamespaceSchemaLocation="../../../../../shared/xml/schema/vehicle_sounds.xsd">
    <motorized>
        <sounds>
            <motor template="engineLarge" file="sounds/Fiat_1300dt_loop.gls" volumeScale="1.25"/>
            <motor template="indoorCabinRumble" linkNodeOffset="-0.5 2.5 -0.2" pitchScale="0.9"/>
            <motor template="indoorCabinRumble" linkNodeOffset="0.5 2.5 -0.2"  pitchScale="1.1"/>
            <motor template="transmissionModern_01" volumeScale="0.4" pitchScale="1" linkNode="backWheelLeft"/>
            <motor template="transmissionModern_01" volumeScale="0.4" pitchScale="1.2" linkNode="backWheelRight"/>
			<motor template="fanModern_01" pitchScale="0.9" volumeScale="0.4" linkNodeOffset="0 2 2.5"/>
            <motor template="cabinTractor_01" volumeScale="1.0" pitchScale="0.8" linkNodeOffset="-0.5 2.5 -0.8" />
            <motor template="cabinTractor_01" volumeScale="1.0" pitchScale="0.9" linkNodeOffset="0.5 2.5 -0.8" />
            <compressedAir template="compressedAir"/>
            <airCompressorRun template="brakeCompressorMedium" />
            <airCompressorStop template="compressedAir"/>
            <gearLeverStart template="gearDisengaged" volumeScale="3.5"/>
            <gearLeverEnd template="gearEngaged" volumeScale="3.5"/>
            <gearGroupLeverStart template="gearDisengaged" volumeScale="3.5"/>
            <gearGroupLeverEnd template="gearEngaged" volumeScale="3.5"/>
        </sounds>
    </motorized>

    <enterable>
        <sounds>
            <rain template="rainInVehicle"  linkNodeOffset="0 2.5 -0.8" >
                <loopSynthesisRpm>
                    <modifier type="SPEED" value="0.0" modifiedValue="0.0" />
                    <modifier type="SPEED" value="42.0" modifiedValue="1" />
                </loopSynthesisRpm>
                <volume>
                    <modifier type="SPEED" value="0" modifiedValue="1" />
                    <modifier type="SPEED" value="25" modifiedValue="1" />
                    <modifier type="SPEED" value="42" modifiedValue="1.2" />
                </volume>

                <pitch>
                    <modifier type="SPEED" value="0" modifiedValue="1" />
                    <modifier type="SPEED" value="25" modifiedValue="1" />
                    <modifier type="SPEED" value="42" modifiedValue="1.0" />
                </pitch>
            </rain>

            <hail template="hailInVehicle"  linkNodeOffset="0 2.5 -0.8" volumeScale="1.5">
                <loopSynthesisRpm>
                    <modifier type="SPEED" value="0.0" modifiedValue="0.0" />
                    <modifier type="SPEED" value="42.0" modifiedValue="1" />
                </loopSynthesisRpm>
                <volume>
                    <modifier type="SPEED" value="0" modifiedValue="1" />
                    <modifier type="SPEED" value="25" modifiedValue="1" />
                    <modifier type="SPEED" value="42" modifiedValue="1.2" />
                </volume>

                <pitch>
                    <modifier type="SPEED" value="0" modifiedValue="1" />
                    <modifier type="SPEED" value="25" modifiedValue="1" />
                    <modifier type="SPEED" value="42" modifiedValue="1.0" />
                </pitch>
            </hail>
        </sounds>
    </enterable>

    <lights>
        <sounds>
            <toggleLights template="switch01"  />
            <turnLight template="switchTurnlight" />
        </sounds>
    </lights>

    <attacherJoints>
        <sounds>
            <attach template="attach01" />
            <hydraulic template="hydraulicClose01" volumeScale="1.3"/>
        </sounds>
    </attacherJoints>

    <drivable>
        <sounds>
            <waterSplash template="waterSplash01" />
        </sounds>
    </drivable>

    <ai>
        <automaticSteering>
            <sounds>
                <engage template="gpsEngageJohnDeere"/>
                <disengage template="gpsDisengageJohnDeere"/>
                <lineEnd template="gpsLineEndJohnDeere"/>
            </sounds>
        </automaticSteering>
    </ai>

    <honk>
        <sound template="honkFendt511C" />
    </honk>
</sounds>
