﻿<?xml version="1.0" encoding="utf-8" standalone="no" ?>
<vehicle type="tractor">
    <annotation>Copyright (C) GIANTS Software GmbH, All Rights Reserved.</annotation>
    <storeData>
        <name>
            <en>1300 DT</en></name>
        <specs>
            <power>150</power>
            <maxSpeed>25</maxSpeed>
        </specs>
        <functions>
            <function>$l10n_function_tractor</function>
		</functions>
        <image>store_fiat1300dt.dds</image>
        <price>59000</price>
        <lifetime>600</lifetime>
        <rotation>0</rotation>
        <brand>FIAT</brand>
        <category>tractorsS</category>
        <shopTranslationOffset>0 0 0</shopTranslationOffset>
        <shopRotationOffset>0.25 0 0</shopRotationOffset>
        <vertexBufferMemoryUsage>2657072</vertexBufferMemoryUsage>
        <indexBufferMemoryUsage>519840</indexBufferMemoryUsage>
        <textureMemoryUsage>16952440</textureMemoryUsage>
        <instanceVertexBufferMemoryUsage>0</instanceVertexBufferMemoryUsage>
        <instanceIndexBufferMemoryUsage>0</instanceIndexBufferMemoryUsage>
    </storeData>
    <base>
        <typeDesc>$l10n_typeDesc_tractor</typeDesc>
        <filename>fiat1300dt.i3d</filename>
		<sounds filename="sounds/fiat_1300dt.xml"/>
        <size width="2.7" length="5"/>
        <components>
            <component centerOfMass="0 1 0.2" solverIterationCount="20" mass="3008"/>
            <component centerOfMass="0 0.0 0" solverIterationCount="20" mass="1621"/>
            <joint component1="1" component2="2" node="frontAxisJoint" rotLimit="0 0 10" rotLimitSpring="0 0 4000" rotLimitDamping="0 0 75" maxRotDriveForce="0 0 10" rotDriveRotation="0 0 0" rotDriveSpring="0 0 20" rotDriveDamping="0 0 10" breakable="false"/>
        </components>
        <schemaOverlay name="DEFAULT_VEHICLE" attacherJointPosition="0 0">
        </schemaOverlay>
    </base>
    <wheels>
        <wheelConfigurations>
            <wheelConfiguration name="$l10n_configuration_valueDefault" price="0">
				<foliageBendingModifier index="2" minX="-1.2" maxX="1.2"/>
					<wheels autoRotateBackSpeed="2.0">
						<wheel filename="$data/shared/wheels/tires/trelleborg/TM600/320_85R28.xml" configId="rim4" isLeft="true" hasTireTracks="true" hasParticles="true">
							<physics rotSpeed="1" restLoad="1.7" repr="frontWheelLeftRepr" driveNode="frontWheelLeftDriveNode" forcePointRatio="0.5" initialCompression="25" suspTravel="0.19" spring="32" damper="30"/>
						</wheel>
						<wheel filename="$data/shared/wheels/tires/trelleborg/TM600/320_85R28.xml" configId="rim4" isLeft="false" hasTireTracks="true" hasParticles="true">
							<physics rotSpeed="1" restLoad="1.7" repr="frontWheelRightRepr" driveNode="frontWheelRightDriveNode" forcePointRatio="0.5" initialCompression="25" suspTravel="0.19" spring="32" damper="30"/>
						</wheel>
						<wheel filename="$data/shared/wheels/tires/trelleborg/TM700/520_70R38.xml" configId="rim3" isLeft="true" hasTireTracks="true" hasParticles="true">
							<physics rotSpeed="0" restLoad="1.0" repr="backWheelLeft" forcePointRatio="0.5" initialCompression="15" suspTravel="0.21" spring="25" damper="30"/>
						</wheel>
						<wheel filename="$data/shared/wheels/tires/trelleborg/TM700/520_70R38.xml" configId="rim3" isLeft="false" hasTireTracks="true" hasParticles="true">
							<physics rotSpeed="0" restLoad="1.0" repr="backWheelRight" forcePointRatio="0.5" initialCompression="15" suspTravel="0.21" spring="25" damper="30"/>
						</wheel>
					</wheels>
            </wheelConfiguration>
            <wheelConfiguration name="$l10n_configuration_valueWheelBroad" price="2000">
				<foliageBendingModifier index="1" minX="-1.05" maxX="1.05"/>
				<foliageBendingModifier index="2" minX="-1.2" maxX="1.2"/>
					<wheels autoRotateBackSpeed="2.0" ackermannSteeringIndex="2">
						<wheel filename="$data/shared/wheels/tires/trelleborg/TM700/420_70R24.xml" configId="rim4" isLeft="true" hasTireTracks="true" hasParticles="true">
							<physics rotSpeed="1" restLoad="1.7" repr="frontWheelLeftRepr" driveNode="frontWheelLeftDriveNode" forcePointRatio="0.5" initialCompression="25" suspTravel="0.19" spring="32" damper="30"/>
						</wheel>
						<wheel filename="$data/shared/wheels/tires/trelleborg/TM700/420_70R24.xml" configId="rim4" isLeft="false" hasTireTracks="true" hasParticles="true">
							<physics rotSpeed="1" restLoad="1.7" repr="frontWheelRightRepr" driveNode="frontWheelRightDriveNode" forcePointRatio="0.5" initialCompression="25" suspTravel="0.19" spring="32" damper="30"/>
						</wheel>
						<wheel filename="$data/shared/wheels/tires/trelleborg/TM800/600_65R38.xml" configId="rim3" isLeft="true" hasTireTracks="true" hasParticles="true">
							<physics rotSpeed="0" restLoad="1.0" repr="backWheelLeft" forcePointRatio="0.5" initialCompression="15" suspTravel="0.21" spring="25" damper="30"/>
						</wheel>
						<wheel filename="$data/shared/wheels/tires/trelleborg/TM800/600_65R38.xml" configId="rim3" isLeft="false" hasTireTracks="true" hasParticles="true">
							<physics rotSpeed="0" restLoad="1.0" repr="backWheelRight" forcePointRatio="0.5" initialCompression="15" suspTravel="0.21" spring="25" damper="30"/>
						</wheel>
					</wheels>
            </wheelConfiguration>
            <wheelConfiguration name="$l10n_configuration_valueTwinWheelsBack" price="2500">
				<foliageBendingModifier index="2" minX="-1.85" maxX="1.85"/>
					<wheels autoRotateBackSpeed="2.0" ackermannSteeringIndex="2">
						<wheel filename="$data/shared/wheels/tires/trelleborg/TM600/320_85R28.xml" configId="rim4" isLeft="true" hasTireTracks="true" hasParticles="true">
							<physics rotSpeed="1" restLoad="1.7" repr="frontWheelLeftRepr" driveNode="frontWheelLeftDriveNode" forcePointRatio="0.5" initialCompression="25" suspTravel="0.19" spring="32" damper="30"/>
						</wheel>
						<wheel filename="$data/shared/wheels/tires/trelleborg/TM600/320_85R28.xml" configId="rim4" isLeft="false" hasTireTracks="true" hasParticles="true">
							<physics rotSpeed="1" restLoad="1.7" repr="frontWheelRightRepr" driveNode="frontWheelRightDriveNode" forcePointRatio="0.5" initialCompression="25" suspTravel="0.19" spring="32" damper="30"/>
						</wheel>
						<wheel filename="$data/shared/wheels/tires/trelleborg/TM700/520_70R38.xml" configId="rim3" isLeft="true" hasTireTracks="true" hasParticles="true">
							<physics rotSpeed="0" restLoad="1.3" repr="backWheelLeft" forcePointRatio="0.5" initialCompression="15" suspTravel="0.21" spring="25" damper="30"/>
							<additionalWheel filename="$data/shared/wheels/tires/trelleborg/TM700/520_70R38.xml" configId="dual" offset="0.2" hasParticles="true" hasTireTracks="true">
								<connector filename="$data/shared/wheels/rims/dual001_1.xml"/>
							</additionalWheel>
						</wheel>
						<wheel filename="$data/shared/wheels/tires/trelleborg/TM700/520_70R38.xml" configId="rim3" isLeft="false" hasTireTracks="true" hasParticles="true">
							<physics rotSpeed="0" restLoad="1.3" repr="backWheelRight" forcePointRatio="0.5" initialCompression="15" suspTravel="0.21" spring="25" damper="30"/>
							<additionalWheel filename="$data/shared/wheels/tires/trelleborg/TM700/520_70R38.xml" configId="dual" offset="0.2" hasParticles="true" hasTireTracks="true">
								<connector filename="$data/shared/wheels/rims/dual001_1.xml"/>
							</additionalWheel>
						</wheel>
					</wheels>
                <size width="4"/>
            </wheelConfiguration>
            <wheelConfiguration name="$l10n_configuration_valueWheelNarrow" price="1000">
				<foliageBendingModifier index="2" minX="-1.05" maxX="1.05"/>
					<wheels autoRotateBackSpeed="2.0" ackermannSteeringIndex="3">
						<wheel filename="$data/shared/wheels/tires/trelleborg/TM100/230_95R32.xml" configId="rim4" isLeft="true" hasTireTracks="true" hasParticles="true">
							<physics rotSpeed="1" restLoad="1.7" repr="frontWheelLeftRepr" driveNode="frontWheelLeftDriveNode" forcePointRatio="0.5" initialCompression="25" suspTravel="0.19" spring="32" damper="30"/>
						</wheel>
						<wheel filename="$data/shared/wheels/tires/trelleborg/TM100/230_95R32.xml" configId="rim4" isLeft="false" hasTireTracks="true" hasParticles="true">
							<physics rotSpeed="1" restLoad="1.7" repr="frontWheelRightRepr" driveNode="frontWheelRightDriveNode" forcePointRatio="0.5" initialCompression="25" suspTravel="0.19" spring="32" damper="30"/>
						</wheel>
						<wheel filename="$data/shared/wheels/tires/trelleborg/TM100/270_95R48.xml" configId="rim3" isLeft="true" hasTireTracks="true" hasParticles="true">
							<physics rotSpeed="0" restLoad="1.0" repr="backWheelLeft" forcePointRatio="0.5" initialCompression="15" suspTravel="0.21" spring="25" damper="30"/>
						</wheel>
						<wheel filename="$data/shared/wheels/tires/trelleborg/TM100/270_95R48.xml" configId="rim3" isLeft="false" hasTireTracks="true" hasParticles="true">
							<physics rotSpeed="0" restLoad="1.0" repr="backWheelRight" forcePointRatio="0.5" initialCompression="15" suspTravel="0.21" spring="25" damper="30"/>
						</wheel>
					</wheels>
            </wheelConfiguration>
        </wheelConfigurations>
        <ackermannSteeringConfigurations>
            <ackermannSteering rotSpeed="40" rotMax="27" rotCenterWheel1="3" rotCenterWheel2="4"/>
            <ackermannSteering rotSpeed="40" rotMax="23" rotCenterWheel1="3" rotCenterWheel2="4"/>
            <ackermannSteering rotSpeed="40" rotMax="30" rotCenterWheel1="3" rotCenterWheel2="4"/>
        </ackermannSteeringConfigurations>
        <rimColor>FIAT_WHITEPAINT</rimColor>
        <hubs>
            <color0>FIAT_BLACKPAINT</color0>
            <color1>FIAT_BLACKPAINT</color1>
            <hub linkNode="frontWheelLeftDriveNode" filename="$data/shared/wheels/hubs/hub_n10_1.xml" isLeft="true" scale="0.33 0.33 0.33"/>
            <hub linkNode="frontWheelRightDriveNode" filename="$data/shared/wheels/hubs/hub_n10_1.xml" isLeft="false" scale="0.33 0.33 0.33"/>
            <hub linkNode="backWheelLeft" filename="$data/shared/wheels/hubs/hub_n10_14.xml" isLeft="true" scale="0.33 0.33 0.33"/>
            <hub linkNode="backWheelRight" filename="$data/shared/wheels/hubs/hub_n10_14.xml" isLeft="false" scale="0.33 0.33 0.33"/>
        </hubs>
    </wheels>
    <speedRotatingParts>
        <speedRotatingPart node="cardanBackPart" wheelIndex="1" wheelScale="3"/>
        <speedRotatingPart node="frontCardanPart" wheelIndex="1" wheelScale="3"/>
    </speedRotatingParts>
    <lights>
        <states>
            <state lightTypes="0"/>
            <state lightTypes="0 1"/>
        </states>
        <realLights>
            <low>
                <light node="frontLightLow" lightTypes="0" excludedLightTypes="3"/>
                <light node="workLightBackLow" lightTypes="1"/>
                <light node="highBeamLow" lightTypes="3"/>
            </low>
            <high>
                <light node="frontLightHigh" lightTypes="0" excludedLightTypes="3"/>
                <light node="workLightBackHigh" lightTypes="1"/>
                <light node="highBeamHigh" lightTypes="3"/>
                <light node="backLightsHigh" lightTypes="0"/>
                <brakeLight node="backLightsHigh"/>
                <turnLightLeft node="turnLightLeftFront"/>
                <turnLightRight node="turnLightRightFront"/>
            </high>
        </realLights>
        <defaultLights>
            <defaultLight shaderNode="defaultLights_static" lightTypes="0 3"/>
            <defaultLight shaderNode="frontlightStatic" lightTypes="0 3"/>
            <defaultLight shaderNode="workLightBack_static" lightTypes="1"/>
            <defaultLight shaderNode="backLights_static" lightTypes="0"/>
        </defaultLights>
        <brakeLights>
            <brakeLight shaderNode="brakeLights_static"/>
        </brakeLights>
        <turnLights>
            <turnLightLeft shaderNode="turnLeft_static"/>
            <turnLightRight shaderNode="turnRight_static"/>
        </turnLights>
        <dashboards>
            <dashboard displayType="EMITTER" valueType="lightState" node="lightOnDecal" idleValue="0" intensity="0.5" lightTypes="0" groups="MOTOR_ACTIVE"/>
            <dashboard displayType="EMITTER" valueType="turnLightLeft" node="turnLeftDecal" idleValue="0" intensity="0.2" baseColor="SHARED_BLACK3" emitColor="GREEN" groups="MOTOR_ACTIVE"/>
            <dashboard displayType="EMITTER" valueType="turnLightRight" node="turnRightDecal" idleValue="0" intensity="0.2" baseColor="SHARED_BLACK3" emitColor="GREEN" groups="MOTOR_ACTIVE"/>
        </dashboards>
    </lights>
    <attacherJoints comboDuration="2">
        <attacherJoint node="attacherJointBack" upperRotationOffset="0.47" moveTime="2.5" comboTime="1">
            <distanceToGround lower="0.29" upper="1.12"/>
            <rotationNode node="attacherJointBackRot" lowerRotation="-21 0 0" upperRotation="30 0 0"/>
            <rotationNode2 node="attacherJointBackRot2"/>
            <bottomArm categoryRange="1 3" defaultCategory="3" rotationNode="attacherJointBackArmBottom" translationNode="bottomLink" referenceNode="referencePointBackBottom" zScale="-1" toggleVisibility="false" startRotation="-17 0 0"/>
            <topArm rotationNode="attacherJointBackArmTop" translationNode="attacherJointBackArmTopTrans" referenceNode="attacherJointBackArmTopRef" zScale="-1" toggleVisibility="false"/>
            <schema position="1 0" rotation="0" invertX="false"/>
            <objectChange node="trailerAttacherNode" visibilityActive="false" visibilityInactive="true"/>
            <objectChange node="attacherJointBackArmTopRefArm" visibilityActive="false" visibilityInactive="true"/>
        </attacherJoint>
        <attacherJoint node="trailerAttacherJointBack" jointType="trailer" lowerRotLimit="10 50 50" upperRotRotationOffset="0" allowsJointLimitMovement="false" comboTime="1">
            <distanceToGround lower="0.54" upper="1.04"/>
            <schema position="1 0" rotation="0" invertX="false"/>
            <transNode node="trailerAttacherNode" minY="0.52" maxY="1.004"/>
            <objectChange node="trailerLowNode" visibilityActive="false" visibilityInactive="true"/>
        </attacherJoint>
        <attacherJoint node="trailerAttacherJointBackLow" jointType="trailerLow" lowerRotLimit="10 50 50" lowerTransLimit="0 0 0" upperRotRotationOffset="0" allowsJointLimitMovement="false" comboTime="1">
            <distanceToGround lower="0.47" upper="0.67"/>
            <schema position="1 0" rotation="0" invertX="false"/>
            <transNode node="trailerLowNode" minY="0.45" maxY="0.65"/>
            <objectChange node="attacherJointBackArmBottom" rotationActive="30 0 0" rotationInactive="-17 0 0"/>
            <objectChange node="trailerAttacherNode" visibilityActive="false" visibilityInactive="true"/>
            <steeringBars leftNode="trailerSteeringLeftRef" rightNode="trailerSteeringRightRef"/>
        </attacherJoint>
        <attacherJoint node="trailerAttacherJointFront" jointType="trailer" lowerRotLimit="10 55 50" lowerTransLimit="0 0 0" upperRotRotationOffset="0" allowsJointLimitMovement="false" comboTime="0">
            <schema position="1 0" rotation="0" invertX="true"/>
        </attacherJoint>
    </attacherJoints>
    <powerTakeOffs>
        <output attacherJointIndices="1 2 3" outputNode="ptoBack"/>
    </powerTakeOffs>
    <enterable isTabbable="true">
        <enterReferenceNode node="fiat1300dt_main_component1"/>
        <exitPoint node="exitPoint"/>
        <cameras>
            <camera node="outdoorCamera" rotatable="true" rotateNode="outdoorCameraTarget" limit="true" useWorldXZRotation="true" rotMinX="-1.4" rotMaxX="1" transMin="3.5" transMax="40" translation="0 0 5" rotation="-20 180 0">
                <raycastNode node="cameraRaycastNode1"/>
                <raycastNode node="cameraRaycastNode2"/>
                <raycastNode node="cameraRaycastNode3"/>
            </camera>
            <camera node="indoorCamera" rotatable="true" limit="true" rotMinX="-1.1" rotMaxX="0.4" transMin="0" transMax="0" useMirror="true" isInside="true" shadowFocusBox="shadowFocusBox"/>
        </cameras>
        <characterNode node="playerSkin" cameraMinDistance="1.5" spineRotation="-90 0 90">
            <target ikChain="rightFoot" targetNode="playerRightFootTarget"/>
            <target ikChain="leftFoot" targetNode="playerLeftFootTarget"/>
            <target ikChain="rightArm" targetNode="playerRightHandTarget"/>
            <target ikChain="leftArm" targetNode="playerLeftHandTarget"/>
        </characterNode>
        <characterTargetNodeModifier node="playerRightFootTarget" transitionTime="0.1">
            <state node="playerRightFootTargetGas" referenceNode="gasPedal" directionReferenceNode="playerRightFootTargetGasRef"/>
            <state node="playerRightFootTargetBrake" referenceNode="brakePedal"/>
        </characterTargetNodeModifier>
        <mirrors>
            <mirror node="decalMirror01" prio="1"/>
            <mirror node="decalMirror02" prio="1"/>
        </mirrors>
    </enterable>
    <motorized>
        <consumerConfigurations>
            <consumerConfiguration>
                <consumer fillUnitIndex="1" usage="45" fillType="diesel"/>
                <!-- usage is per hour at max load and max rpm -->
                <consumer fillUnitIndex="2" usage="200" fillType="air" permanentConsumption="false" refillLitersPerSecond="250" refillCapacityPercentage="0.5"/>
                <!-- usage per second at full brake power -->
            </consumerConfiguration>
        </consumerConfigurations>
        <differentialConfigurations>
            <differentialConfiguration>
                <differentials>
                    <differential torqueRatio="0.5" maxSpeedRatio="1.8" wheelIndex1="1" wheelIndex2="2"/>
                    <!-- front left-right -->
                    <differential torqueRatio="0.5" maxSpeedRatio="1.8" wheelIndex1="3" wheelIndex2="4"/>
                    <!-- back left-right -->
                    <differential torqueRatio="0.5" maxSpeedRatio="1.8" differentialIndex1="1" differentialIndex2="2"/>
                    <!-- front-back -->
                </differentials>
            </differentialConfiguration>
        </differentialConfigurations>
        <motorConfigurations>
            <motorConfiguration name="1300DT" hp="150" price="0">
                <motor torqueScale="0.635" minRpm="850" maxRpm="2200" maxForwardSpeed="25" maxBackwardSpeed="11" brakeForce="4" lowBrakeForceScale="0.22">
                    <torque rpm="850" torque="0.85"/>
                    <torque rpm="1100" torque="0.97"/>
                    <torque rpm="1298" torque="1"/>
                    <torque rpm="1584" torque="1"/>
                    <torque rpm="1892" torque="0.88"/>
                    <torque rpm="2200" torque="0.72"/>
                    <torque rpm="2700" torque="0.35"/>
                </motor>
                <transmission minForwardGearRatio="33" maxForwardGearRatio="300" minBackwardGearRatio="74" maxBackwardGearRatio="300"/>
            </motorConfiguration>
        </motorConfigurations>
        <exhaustEffects>
            <exhaustEffect node="exhaustParticle" filename="$data/effects/exhaust/exhaust.i3d" minRpmColor="0.9 0.9 0.9 0.1" maxRpmColor="0 0 0 1" minRpmScale="0.05" maxRpmScale="0.5" xzRotationsOffset="-180 0" xzRotationsForward="0 300" xzRotationsBackward="150 0" xzRotationsLeft="20 80" xzRotationsRight="40 -200"/>
        </exhaustEffects>
        <motorStartDuration>3000</motorStartDuration>
        <animationNodes>
            <animationNode node="engineFan" rotAxis="3" rotSpeed="1200" turnOnFadeTime="4" turnOffFadeTime="3"/>
        </animationNodes>
        <dashboards>
            <dashboard displayType="ANIMATION" valueType="rpm" animName="rpmDisplay" minValueAnim="0" maxValueAnim="2500" groups="MOTOR_ACTIVE"/>
            <dashboard displayType="ANIMATION" valueType="motorTemperature" animName="tempDisplay" groups="MOTOR_ACTIVE"/>
        </dashboards>
    </motorized>
    <drivable>
        <steeringWheel node="steeringWheel" indoorRotation="540" outdoorRotation="50"/>
        <dashboards>
            <dashboard displayType="ROT" valueType="accelerationAxis" node="gasPedal" minRot="0 0 0" maxRot="-20 0 0" doInterpolation="true" groups="MOTOR_ACTIVE"/>
            <dashboard displayType="ROT" valueType="decelerationAxis" node="brakePedal" minRot="0 0 0" maxRot="20 0 0" doInterpolation="true" groups="MOTOR_ACTIVE"/>
        </dashboards>
    </drivable>
    <animations>
        <animation name="wiperFrontAnimation">
            <part node="wiper" startTime="0.0" endTime="0.7" startRot="0 0 0" endRot="0 0 -100"/>
        </animation>
        <animation name="rpmDisplay">
            <part node="rpmNeedle" startTime="0.0" endTime="1.0" startRot="0 -5 0" endRot="0 -255 0"/>
        </animation>
        <animation name="fuelDisplay">
            <part node="fuelNeedle" startTime="0.0" endTime="1.0" startRot="0 -41 0" endRot="0 8.5 0"/>
        </animation>
        <animation name="tempDisplay">
            <part node="tempNeedle" startTime="0.0" endTime="1.0" startRot="0 17 0" endRot="0 -20 0"/>
        </animation>
		
		
		<animation name="door_left">
            <part node="door_left" startTime="0.0" endTime="1.0" startRot="0.368 0.031 11.125" endRot="0.368 70 11.125"/>
        </animation>
		<animation name="door_right">
            <part node="door_right" startTime="0.0" endTime="1.0" startRot="0.53 0 -12.525" endRot="0.53 -70 -12.525"/>
        </animation>
		<animation name="back_window">
            <part node="back_window" startTime="0.0" endTime="1.0" startRot="0 0 0" endRot="62 0 0"/>
        </animation>
		<animation name="haube">
            <part node="haube" startTime="0.0" endTime="1.0" startRot="0 0 0" endRot="0 0 -41"/>
        </animation>
    </animations>
	
	
	<simpleIC outsideInteractionTrigger="playerTrigger" >
	<animation animationName="door_left" animationSpeed="1" sharedAnimation="false" soundVolumeIncreasePercentage="0.5" >
			<insideTrigger triggerPoint="door_left_trigger_point_inside" triggerPointSize="0.04" />
			<outsideTrigger triggerPoint="door_left_trigger_point_outside" triggerPointSize="0.04" />
	</animation>
	<animation animationName="door_right" animationSpeed="1" sharedAnimation="false" soundVolumeIncreasePercentage="0.5" >
			<insideTrigger triggerPoint="door_right_trigger_point_inside" triggerPointSize="0.04" />
			<outsideTrigger triggerPoint="door_right_trigger_point_outside" triggerPointSize="0.04" />
	</animation>
	<animation animationName="back_window" animationSpeed="1" sharedAnimation="false" soundVolumeIncreasePercentage="0.5" >
			<insideTrigger triggerPoint="back_window_trigger_point_inside" triggerPointSize="0.04" />
	</animation>
	<animation animationName="haube" animationSpeed="1" sharedAnimation="false" soundVolumeIncreasePercentage="0.5" >
			<outsideTrigger triggerPoint="haube_trigger_point_outside" triggerPointSize="0.04" />
	</animation>	
	
	<cylinderAnimations>
		<cylinder node1="zylinder_door_left" node2="main_zylinder_door_left" />
		<cylinder node1="zylinder_right_back_window" node2="main_zylinder_right_back_window" />
		<cylinder node1="zylinder_left_back_window" node2="main_zylinder_left_back_window" />
	</cylinderAnimations>
	</simpleIC>
	
	
    <cylindered>
        <movingTools>
            <movingTool node="attacherJointBackArmBottom">
                <dependentPart node="bottomLinkTopArm"/>
                <dependentPart node="bottomLinkLeftChain"/>
                <dependentPart node="bottomLinkRightChain"/>
            </movingTool>
        </movingTools>
        <movingParts>
            <movingPart node="bottomLinkTopArm" referencePoint="bottomLinkTopArmPartRef" localReferencePoint="bottomLinkTopArmPart" referenceFrame="bottomLinkTopArmRefFrame">
                <dependentPart node="bottomLinkTopArmPart"/>
                <dependentPart node="bottomLinkTopArmHydraulic"/>
            </movingPart>
            <movingPart node="bottomLinkTopArmPart" referencePoint="bottomLinkTopArmPartRef" referenceFrame="bottomLinkTopArmPartRef"/>
            <movingPart node="bottomLinkTopArmHydraulic" referencePoint="bottomLinkTopArmHydraulicRef" referenceFrame="bottomLinkTopArmHydraulicRef">
                <translatingPart node="bottomLinkTopArmHydraulicPunch"/>
            </movingPart>
            <movingPart node="bottomLinkLeftChain" referencePoint="bottomLinkLeftChainRef" referenceFrame="bottomLinkLeftChainRef"/>
            <movingPart node="bottomLinkRightChain" referencePoint="bottomLinkRightChainRef" referenceFrame="bottomLinkRightChainRef"/>
            <movingPart node="steeringBar" referencePoint="steeringBarRef" referenceFrame="steeringBarRef" isActiveDirty="true" scaleZ="true" maxUpdateDistance="300"/>
            <movingPart node="attacherJointBackArmTopScale" referencePoint="attacherJointBackArmTopScaleRef" referenceFrame="attacherJointBackArmTopScaleRef" isActiveDirty="true" scaleZ="true" maxUpdateDistance="300"/>
            <movingPart node="cardanMiddlePart" referencePoint="cardanMiddlePartRef" referenceFrame="cardanMiddlePartRef" isActiveDirty="true" maxUpdateDistance="300"/>
        </movingParts>
    </cylindered>
    <wipers>
        <wiper animName="wiperFrontAnimation">
            <state animSpeed="0.75" animPause="2.0"/>
            <state animSpeed="0.75" animPause="0.0"/>
            <state animSpeed="1.10" animPause="0.0"/>
			<sound template="wiper1" startTime="0" endTime="5" direction="1"  volumeScale="0.8" pitchScale="1.0" linkNode="wiperFront"/>
            <sound template="wiper2" startTime="0" endTime="5" direction="-1" volumeScale="0.8" pitchScale="1.0" linkNode="wiperFront"/>
        </wiper>
    </wipers>
    <connectionHoses>
        <target attacherJointIndices="1 2 3" type="hydraulicIn" node="hydraulic01_in"/>
        <target attacherJointIndices="1 2 3" type="hydraulicOut" node="hydraulic01_out"/>
        <target attacherJointIndices="1 2 3" type="airDoubleRed" node="airDoubleStorage" socket="air_red"/>
        <target attacherJointIndices="1 2 3" type="airDoubleYellow" node="airDoubleControl" socket="air_yellow"/>
        <target attacherJointIndices="1 2 3" type="electric" node="backElectric"/>
    </connectionHoses>
    <suspensions>
        <suspension node="seat" weight="150" minTranslation="-0.05 -0.15 0.0" maxTranslation="0.05 0.15 0.0" suspensionParametersX="20 4" suspensionParametersY="5 1" suspensionParametersZ="20 4"/>
        <suspension useCharacterTorso="true" weight="90" minRotation="0 -5 -5" maxRotation="0 5 5" suspensionParametersY="7 1" suspensionParametersZ="7 1"/>
    </suspensions>
    <fillUnit>
        <fillUnitConfigurations>
            <fillUnitConfiguration>
                <fillUnits>
                    <fillUnit unitTextOverride="$l10n_unit_literShort" showOnHud="false" showInShop="false" fillTypes="diesel" capacity="200">
						<exactFillRootNode node="exactFillRootNodeFuel"/>
                        <dashboard displayType="ANIMATION" valueType="fillLevel" animName="fuelDisplay" groups="MOTOR_ACTIVE"/>
                    </fillUnit>
                    <fillUnit unitTextOverride="$l10n_unit_literShort" showOnHud="false" showInShop="false" fillTypes="air" capacity="2000"/>
                </fillUnits>
            </fillUnitConfiguration>
        </fillUnitConfigurations>
    </fillUnit>
    <dashboard>
        <groups>
            <group name="MOTOR_STARTING" isMotorStarting="true"/>
            <group name="MOTOR_ACTIVE" isMotorStarting="true" isMotorRunning="true"/>
        </groups>
        <default>
            <dashboard displayType="EMITTER" node="startingDecal"  baseColor="SHARED_BLACK3" emitColor="RED" idleValue="0" intensity="0.5" groups="MOTOR_STARTING"/>
        </default>
    </dashboard>
    <ai>
        <collisionTrigger useSize="true"/>
    </ai>
    <foliageBending>
        <bendingNode minX="-1.0" maxX="1.0" minZ="-2.0" maxZ="2.25" yOffset="0.6"/>
        <bendingNode minX="-1.0" maxX="1.0" minZ="-2.0" maxZ="-0.3" yOffset="0.6"/>
    </foliageBending>
    <wearable wearDuration="480" workMultiplier="5" fieldMultiplier="2"/>
    <washable dirtDuration="90" washDuration="1" workMultiplier="3" fieldMultiplier="2"/>
    <i3dMappings>
        <i3dMapping id="fiat1300dt_main_component1" node="0>"/>
        <i3dMapping id="fiat1300dt_vis" node="0>0"/>
        <i3dMapping id="frontAxisJoint" node="0>0|0|0"/>
        <i3dMapping id="backWheelLeft" node="0>0|0|1"/>
        <i3dMapping id="backWheelRight" node="0>0|0|2"/>
        <i3dMapping id="outdoorCameraTarget" node="0>0|1|0"/>
        <i3dMapping id="outdoorCamera" node="0>0|1|0|0"/>
        <i3dMapping id="indoorCamera" node="0>0|1|1"/>
        <i3dMapping id="cameraRaycastNode1" node="0>0|1|2"/>
        <i3dMapping id="cameraRaycastNode2" node="0>0|1|3"/>
        <i3dMapping id="cameraRaycastNode3" node="0>0|1|4"/>
        <i3dMapping id="shadowFocusBox" node="0>0|1|5"/>
        <i3dMapping id="defaultLights_static" node="0>0|2|0|0"/>
        <i3dMapping id="workLightBack_static" node="0>0|2|0|1"/>
        <i3dMapping id="backLights_static" node="0>0|2|0|2"/>
        <i3dMapping id="turnLeft_static" node="0>0|2|0|3"/>
        <i3dMapping id="turnRight_static" node="0>0|2|0|4"/>
        <i3dMapping id="brakeLights_static" node="0>0|2|0|5"/>
        <i3dMapping id="frontlightStatic" node="0>0|2|0|6"/>
        <i3dMapping id="frontLightLow" node="0>0|2|1|0"/>
        <i3dMapping id="highBeamLow" node="0>0|2|1|1"/>
        <i3dMapping id="frontLightHigh" node="0>0|2|1|2"/>
        <i3dMapping id="highBeamHigh" node="0>0|2|1|3"/>
        <i3dMapping id="workLightBackHigh" node="0>0|2|2|0"/>
        <i3dMapping id="workLightBackLow" node="0>0|2|2|1"/>
        <i3dMapping id="backLightsHigh" node="0>0|2|3|0"/>
        <i3dMapping id="turnLightLeftFront" node="0>0|2|4|0"/>
        <i3dMapping id="turnLightLeftBack" node="0>0|2|4|0|0"/>
        <i3dMapping id="turnLightRightFront" node="0>0|2|4|1"/>
        <i3dMapping id="turnLightRightBack" node="0>0|2|4|1|0"/>
        <i3dMapping id="exitPoint" node="0>0|3"/>
        <i3dMapping id="steeringWheel" node="0>0|4|0"/>
        <i3dMapping id="playerLeftHandTarget" node="0>0|4|0|0"/>
        <i3dMapping id="playerRightHandTarget" node="0>0|4|0|1"/>
        <i3dMapping id="attacherJointBackRot" node="0>0|5|0|0"/>
        <i3dMapping id="attacherJointBackRot2" node="0>0|5|0|0|0"/>
        <i3dMapping id="attacherJointBack" node="0>0|5|0|0|0|0"/>
        <i3dMapping id="attacherJointBackArmBottom" node="0>0|5|0|1"/>
        <i3dMapping id="bottomLink" node="0>0|5|0|1|0"/>
        <i3dMapping id="referencePointBackBottom" node="0>0|5|0|1|0|0"/>
        <i3dMapping id="bottomLinkTopArmPartRef" node="0>0|5|0|1|0|1"/>
        <i3dMapping id="bottomLinkLeftChainRef" node="0>0|5|0|1|0|2"/>
        <i3dMapping id="bottomLinkRightChainRef" node="0>0|5|0|1|0|3"/>
        <i3dMapping id="attacherJointBackArmTop" node="0>0|5|0|2"/>
        <i3dMapping id="attacherJointBackArmTopTrans" node="0>0|5|0|2|0"/>
        <i3dMapping id="attacherJointBackArmTopRef" node="0>0|5|0|2|0|0"/>
        <i3dMapping id="attacherJointBackArmTopScale" node="0>0|5|0|2|0|1"/>
        <i3dMapping id="attacherJointBackArmTopScaleRef" node="0>0|5|0|2|1"/>
        <i3dMapping id="attacherJointBackArmTopRefArm" node="0>0|5|0|3"/>
        <i3dMapping id="trailerAttacherNode" node="0>0|5|1|0"/>
        <i3dMapping id="trailerAttacherJointBack" node="0>0|5|1|0|0"/>
        <i3dMapping id="trailerLowNode" node="0>0|5|1|1"/>
        <i3dMapping id="trailerAttacherJointBackLow" node="0>0|5|1|1|0"/>
        <i3dMapping id="trailerSteeringLeftRef" node="0>0|5|1|1|1"/>
        <i3dMapping id="trailerSteeringRightRef" node="0>0|5|1|1|2"/>
        <i3dMapping id="trailerAttacherJointFront" node="0>0|5|1|2"/>
        <i3dMapping id="ptoBack" node="0>0|5|2|0"/>
        <i3dMapping id="hydraulic01_in" node="0>0|5|3|0"/>
        <i3dMapping id="hydraulic01_out" node="0>0|5|3|1"/>
        <i3dMapping id="backElectric" node="0>0|5|3|2"/>
        <i3dMapping id="airDoubleControl" node="0>0|5|3|3"/>
        <i3dMapping id="airDoubleStorage" node="0>0|5|3|4"/>
        <i3dMapping id="seat" node="0>0|6|0"/>
        <i3dMapping id="playerSkin" node="0>0|6|0|0"/>
        <i3dMapping id="playerLeftFootTarget" node="0>0|6|1"/>
        <i3dMapping id="playerRightFootTarget" node="0>0|6|2"/>
        <i3dMapping id="gasPedal" node="0>0|6|4|0"/>
        <i3dMapping id="playerRightFootTargetGasRef" node="0>0|6|4|0|0"/>
        <i3dMapping id="playerRightFootTargetGas" node="0>0|6|4|1"/>
        <i3dMapping id="brakePedal" node="0>0|6|4|2"/>
        <i3dMapping id="playerRightFootTargetBrake" node="0>0|6|4|2|0"/>
        <i3dMapping id="clutchPedal" node="0>0|6|4|3"/>
        <i3dMapping id="decalMirror01" node="0>0|6|5|0"/>
        <i3dMapping id="decalMirror02" node="0>0|6|5|1"/>
        <i3dMapping id="aiCollisionTrigger" node="0>0|7|0"/>
        <i3dMapping id="exhaustParticle" node="0>0|8"/>
        <i3dMapping id="bottomLinkTopArm" node="0>0|9|0"/>
        <i3dMapping id="bottomLinkTopArmPart" node="0>0|9|0|0"/>
        <i3dMapping id="bottomLinkTopArmHydraulicRef" node="0>0|9|0|1"/>
        <i3dMapping id="bottomLinkTopArmHydraulic" node="0>0|9|1"/>
        <i3dMapping id="bottomLinkTopArmHydraulicPunch" node="0>0|9|1|0"/>
        <i3dMapping id="bottomLinkLeftChain" node="0>0|9|2"/>
        <i3dMapping id="bottomLinkRightChain" node="0>0|9|3"/>
        <i3dMapping id="engineFan" node="0>0|9|4"/>
        <i3dMapping id="cardanBackPart" node="0>0|9|5|0"/>
        <i3dMapping id="cardanMiddlePart" node="0>0|9|5|1"/>
        <i3dMapping id="bottomLinkTopArmRefFrame" node="0>0|9|6"/>
        <i3dMapping id="wiper" node="0>0|9|7|0"/>
        <i3dMapping id="fuelNeedle" node="0>0|10|0|0"/>
        <i3dMapping id="tempNeedle" node="0>0|10|1|0"/>
        <i3dMapping id="rpmNeedle" node="0>0|10|2|0"/>
        <i3dMapping id="startingDecal" node="0>0|10|3"/>
        <i3dMapping id="lightOnDecal" node="0>0|10|4"/>
        <i3dMapping id="turnLeftDecal" node="0>0|10|5"/>
        <i3dMapping id="turnRightDecal" node="0>0|10|6"/>
        <i3dMapping id="frontWheelLeftRepr" node="1>0|0"/>
        <i3dMapping id="frontWheelLeftDriveNode" node="1>0|0|0"/>
        <i3dMapping id="steeringBarRef" node="1>0|0|1"/>
        <i3dMapping id="frontWheelRightRepr" node="1>0|1"/>
        <i3dMapping id="frontWheelRightDriveNode" node="1>0|1|0"/>
        <i3dMapping id="steeringBar" node="1>0|1|1"/>
        <i3dMapping id="frontCardanPart" node="1>0|2|0"/>
        <i3dMapping id="cardanMiddlePartRef" node="1>0|2|0|0"/>
		<i3dMapping id="exactFillRootNodeFuel" node="0>0|12"/>
		
		<i3dMapping id="door_left" node="0>0|11|14|0"/>
		<i3dMapping id="zylinder_door_left" node="0>0|11|14|0|0|3"/>
		<i3dMapping id="main_zylinder_door_left" node="0>0|11|14|4"/>
		<i3dMapping id="door_left_trigger_point_inside" node="0>0|11|14|0|1"/>
		<i3dMapping id="door_left_trigger_point_outside" node="0>0|11|14|0|2"/>
		<i3dMapping id="door_right" node="0>0|11|14|1"/>
		<i3dMapping id="door_right_trigger_point_inside" node="0>0|11|14|1|1"/>
		<i3dMapping id="door_right_trigger_point_outside" node="0>0|11|14|1|2"/>
		<i3dMapping id="back_window" node="0>0|11|14|2"/>
		<i3dMapping id="zylinder_left_back_window" node="0>0|11|14|2|0|2"/>
		<i3dMapping id="main_zylinder_left_back_window" node="0>0|11|14|6"/>
		<i3dMapping id="zylinder_right_back_window" node="0>0|11|14|2|0|3"/>
		<i3dMapping id="main_zylinder_right_back_window" node="0>0|11|14|5"/>
		<i3dMapping id="back_window_trigger_point_inside" node="0>0|11|14|2|1"/>
		<i3dMapping id="haube" node="0>0|11|14|3"/>
		<i3dMapping id="haube_trigger_point_outside" node="0>0|11|14|3|1"/>
		<i3dMapping id="playerTrigger" node="0>0|11|14|7"/>
		
		
    </i3dMappings>
</vehicle>
