﻿<?xml version="1.0" encoding="utf-8" standalone="no"?>
<modDesc descVersion="92">
    <author>Jan der 1.</author>
    <version>1.0.0.0</version>
    <title>
        <en>Fiat 1300DT</en>
    </title>

    <description>
<en><![CDATA[
Category: Medium Tractors
Price: $59,000
Power: 150 hp
Max. speed: 25 kph
]]></en>
<de><![CDATA[
Shopkategorie: Mittelgroße Traktoren
Preis: 59.000€
Leistung: 150 PS
Höchstgeschwindigkeit: 25 km/h
]]></de>
<fr><![CDATA[
Catégorie: Tracteurs moyens
Prix: 59 000€
Puissance: 150 CV
Vitesse max.: 25 km/h
]]></fr>
    </description>

    <iconFilename>icon_fiat1300dt</iconFilename>

    <multiplayer supported="true"/>

    <storeItems>
        <storeItem xmlFilename="fiat1300dt.xml"/>
    </storeItems>
</modDesc>